--------------------------------------------------------
--  File created - duminicã-ianuarie-16-2022   
--------------------------------------------------------
DROP TABLE "ELENAGHEORGHITA"."APROVIZIONATOR";
DROP TABLE "ELENAGHEORGHITA"."CATEGORII";
DROP TABLE "ELENAGHEORGHITA"."CLIENTI";
DROP TABLE "ELENAGHEORGHITA"."DETALII_APROVIZONARE";
DROP TABLE "ELENAGHEORGHITA"."LOCURI_DE_MUNCA";
DROP TABLE "ELENAGHEORGHITA"."PERSONAL";
DROP TABLE "ELENAGHEORGHITA"."PRODUS";
DROP TABLE "ELENAGHEORGHITA"."PRODUSE_VANDUTE";
DROP TABLE "ELENAGHEORGHITA"."FACTURA";
--------------------------------------------------------
--  DDL for Table APROVIZIONATOR
--------------------------------------------------------

  CREATE TABLE "ELENAGHEORGHITA"."APROVIZIONATOR" 
   (	"APROVIZIONATOR_ID" NUMBER(10,0), 
	"TIP" VARCHAR2(35 BYTE), 
	"ORAS" VARCHAR2(35 BYTE), 
	"STRADA" VARCHAR2(35 BYTE), 
	"NUMAR" NUMBER(5,0), 
	"TELEFON" NUMBER(10,0), 
	"DENUMIRE" VARCHAR2(30 BYTE)
   ) PCTFREE 10 PCTUSED 40 INITRANS 1 MAXTRANS 255 NOCOMPRESS LOGGING
  STORAGE(INITIAL 65536 NEXT 1048576 MINEXTENTS 1 MAXEXTENTS 2147483645
  PCTINCREASE 0 FREELISTS 1 FREELIST GROUPS 1 BUFFER_POOL DEFAULT)
  TABLESPACE "USERS" ;
--------------------------------------------------------
--  DDL for Table CATEGORII
--------------------------------------------------------

  CREATE TABLE "ELENAGHEORGHITA"."CATEGORII" 
   (	"CATEGORII_ID" NUMBER(4,0), 
	"CATEGORIE" VARCHAR2(30 BYTE), 
	"DENUMIRE" VARCHAR2(30 BYTE)
   ) PCTFREE 10 PCTUSED 40 INITRANS 1 MAXTRANS 255 NOCOMPRESS LOGGING
  STORAGE(INITIAL 65536 NEXT 1048576 MINEXTENTS 1 MAXEXTENTS 2147483645
  PCTINCREASE 0 FREELISTS 1 FREELIST GROUPS 1 BUFFER_POOL DEFAULT)
  TABLESPACE "USERS" ;
--------------------------------------------------------
--  DDL for Table CLIENTI
--------------------------------------------------------

  CREATE TABLE "ELENAGHEORGHITA"."CLIENTI" 
   (	"CLIENTI_ID" NUMBER(4,0), 
	"NUME" VARCHAR2(30 BYTE), 
	"PRENUME" VARCHAR2(30 BYTE), 
	"TELEFON" NUMBER(10,0), 
	"STRADA" VARCHAR2(30 BYTE), 
	"NUMAR" NUMBER(5,0), 
	"LOCALITATE" VARCHAR2(30 BYTE), 
	"COD_POSTAL" NUMBER(8,0), 
	"ASIGURARE" VARCHAR2(5 BYTE)
   ) PCTFREE 10 PCTUSED 40 INITRANS 1 MAXTRANS 255 NOCOMPRESS LOGGING
  STORAGE(INITIAL 65536 NEXT 1048576 MINEXTENTS 1 MAXEXTENTS 2147483645
  PCTINCREASE 0 FREELISTS 1 FREELIST GROUPS 1 BUFFER_POOL DEFAULT)
  TABLESPACE "USERS" ;
--------------------------------------------------------
--  DDL for Table DETALII_APROVIZONARE
--------------------------------------------------------

  CREATE TABLE "ELENAGHEORGHITA"."DETALII_APROVIZONARE" 
   (	"DETALII_APROVIZIONARE_ID" NUMBER(4,0), 
	"STOC" NUMBER(3,0), 
	"DATA_APR" DATE, 
	"APROVIZIONATOR_ID" NUMBER(4,0), 
	"PRODUS_ID" NUMBER(4,0)
   ) PCTFREE 10 PCTUSED 40 INITRANS 1 MAXTRANS 255 NOCOMPRESS LOGGING
  STORAGE(INITIAL 65536 NEXT 1048576 MINEXTENTS 1 MAXEXTENTS 2147483645
  PCTINCREASE 0 FREELISTS 1 FREELIST GROUPS 1 BUFFER_POOL DEFAULT)
  TABLESPACE "USERS" ;
--------------------------------------------------------
--  DDL for Table LOCURI_DE_MUNCA
--------------------------------------------------------

  CREATE TABLE "ELENAGHEORGHITA"."LOCURI_DE_MUNCA" 
   (	"LOCURI_DE_MUNCA_ID" NUMBER(4,0), 
	"FUNCTIE" VARCHAR2(35 BYTE), 
	"SALARIU_MIN" NUMBER(6,0), 
	"SALARIU_MAX" NUMBER(6,0)
   ) PCTFREE 10 PCTUSED 40 INITRANS 1 MAXTRANS 255 NOCOMPRESS LOGGING
  STORAGE(INITIAL 65536 NEXT 1048576 MINEXTENTS 1 MAXEXTENTS 2147483645
  PCTINCREASE 0 FREELISTS 1 FREELIST GROUPS 1 BUFFER_POOL DEFAULT)
  TABLESPACE "USERS" ;
--------------------------------------------------------
--  DDL for Table PERSONAL
--------------------------------------------------------

  CREATE TABLE "ELENAGHEORGHITA"."PERSONAL" 
   (	"PERSONAL_ID" NUMBER(4,0), 
	"NUME" VARCHAR2(30 BYTE), 
	"PRENUME" VARCHAR2(40 BYTE), 
	"TELEFON" NUMBER(10,0), 
	"STRADA" VARCHAR2(30 BYTE), 
	"NUMAR" NUMBER(5,0), 
	"LOCALITATE" VARCHAR2(30 BYTE), 
	"COD_POSTAL" NUMBER(8,0), 
	"SALARIU" NUMBER(6,0), 
	"LOCURI_DE_MUNCA_ID" NUMBER(4,0)
   ) PCTFREE 10 PCTUSED 40 INITRANS 1 MAXTRANS 255 NOCOMPRESS LOGGING
  STORAGE(INITIAL 65536 NEXT 1048576 MINEXTENTS 1 MAXEXTENTS 2147483645
  PCTINCREASE 0 FREELISTS 1 FREELIST GROUPS 1 BUFFER_POOL DEFAULT)
  TABLESPACE "USERS" ;
--------------------------------------------------------
--  DDL for Table PRODUS
--------------------------------------------------------

  CREATE TABLE "ELENAGHEORGHITA"."PRODUS" 
   (	"PRODUS_ID" NUMBER(4,0), 
	"DENUMIRE" VARCHAR2(50 BYTE), 
	"PRET" NUMBER(4,2), 
	"CATEGORII_ID" NUMBER(4,0)
   ) PCTFREE 10 PCTUSED 40 INITRANS 1 MAXTRANS 255 NOCOMPRESS LOGGING
  STORAGE(INITIAL 65536 NEXT 1048576 MINEXTENTS 1 MAXEXTENTS 2147483645
  PCTINCREASE 0 FREELISTS 1 FREELIST GROUPS 1 BUFFER_POOL DEFAULT)
  TABLESPACE "USERS" ;
--------------------------------------------------------
--  DDL for Table PRODUSE_VANDUTE
--------------------------------------------------------

  CREATE TABLE "ELENAGHEORGHITA"."PRODUSE_VANDUTE" 
   (	"PRODUSE_VANDUTE_ID" NUMBER(4,0), 
	"CANTITATEA" VARCHAR2(3 BYTE), 
	"DATA_VANZ" DATE, 
	"PRODUS_ID" NUMBER(4,0), 
	"FACTURA_ID" NUMBER(4,0)
   ) PCTFREE 10 PCTUSED 40 INITRANS 1 MAXTRANS 255 NOCOMPRESS LOGGING
  STORAGE(INITIAL 65536 NEXT 1048576 MINEXTENTS 1 MAXEXTENTS 2147483645
  PCTINCREASE 0 FREELISTS 1 FREELIST GROUPS 1 BUFFER_POOL DEFAULT)
  TABLESPACE "USERS" ;
-- Unable to render TABLE DDL for object ELENAGHEORGHITA.FACTURA with DBMS_METADATA attempting internal generator.
CREATE TABLE FACTURA 
(
  FACTURA_ID NUMBER(4, 0) NOT NULL 
, VALOAREA NUMBER(4, 2) NOT NULL 
, DATA_FACT DATE NOT NULL 
, CLIENTI_ID NUMBER(4, 0) 
, PERSONAL_ID NUMBER(4, 0) 
, CONSTRAINT SYS_C00581081 PRIMARY KEY 
  (
    FACTURA_ID 
  )
  USING INDEX 
  (
      CREATE UNIQUE INDEX SYS_C00581081 ON FACTURA (FACTURA_ID ASC) 
      LOGGING 
      TABLESPACE USERS 
      PCTFREE 10 
      INITRANS 2 
      STORAGE 
      ( 
        INITIAL 65536 
        MINEXTENTS 1 
        MAXEXTENTS UNLIMITED 
        BUFFER_POOL DEFAULT 
      ) 
      NOPARALLEL 
  )
  ENABLE 
) 
LOGGING 
TABLESPACE USERS 
PCTFREE 10 
INITRANS 1 
STORAGE 
( 
  INITIAL 65536 
  MINEXTENTS 1 
  MAXEXTENTS UNLIMITED 
  BUFFER_POOL DEFAULT 
) 
NOCOMPRESS 
NOPARALLELALTER TABLE FACTURA
ADD CONSTRAINT FK_CLIENTI FOREIGN KEY
(
  CLIENTI_ID 
)
REFERENCES CLIENTI
(
  CLIENTI_ID 
)
ON DELETE SET NULL ENABLE
ALTER TABLE FACTURA
ADD CONSTRAINT FK_PERSONAL FOREIGN KEY
(
  PERSONAL_ID 
)
REFERENCES PERSONAL
(
  PERSONAL_ID 
)
ON DELETE SET NULL ENABLE
REM INSERTING into ELENAGHEORGHITA.APROVIZIONATOR
SET DEFINE OFF;
Insert into ELENAGHEORGHITA.APROVIZIONATOR (APROVIZIONATOR_ID,TIP,ORAS,STRADA,NUMAR,TELEFON,DENUMIRE) values ('1','Producator','Craiova','Marului','120','767540123','FARMA CLASS INDUSTRY SRL');
Insert into ELENAGHEORGHITA.APROVIZIONATOR (APROVIZIONATOR_ID,TIP,ORAS,STRADA,NUMAR,TELEFON,DENUMIRE) values ('2','Producator','Bucuresti','Pericle Papahagi','230','769530687','MICROSIN SRL');
Insert into ELENAGHEORGHITA.APROVIZIONATOR (APROVIZIONATOR_ID,TIP,ORAS,STRADA,NUMAR,TELEFON,DENUMIRE) values ('3','Furnizor','Focsani','Mihai Viteazu','24','785385107','FARMMIZ');
Insert into ELENAGHEORGHITA.APROVIZIONATOR (APROVIZIONATOR_ID,TIP,ORAS,STRADA,NUMAR,TELEFON,DENUMIRE) values ('4','Furnizor','Bals','Soarelui','36','776831197','DEMI FARM');
REM INSERTING into ELENAGHEORGHITA.CATEGORII
SET DEFINE OFF;
Insert into ELENAGHEORGHITA.CATEGORII (CATEGORII_ID,CATEGORIE,DENUMIRE) values ('1','Suplimente Alimentare','Drajeuri');
Insert into ELENAGHEORGHITA.CATEGORII (CATEGORII_ID,CATEGORIE,DENUMIRE) values ('2','Suplimente Alimentare','Capsule');
Insert into ELENAGHEORGHITA.CATEGORII (CATEGORII_ID,CATEGORIE,DENUMIRE) values ('3','Medicamente ','Capsule');
Insert into ELENAGHEORGHITA.CATEGORII (CATEGORII_ID,CATEGORIE,DENUMIRE) values ('4','Medicamente ','Siropuri');
Insert into ELENAGHEORGHITA.CATEGORII (CATEGORII_ID,CATEGORIE,DENUMIRE) values ('5','Medicamente ','Supozitoare');
Insert into ELENAGHEORGHITA.CATEGORII (CATEGORII_ID,CATEGORIE,DENUMIRE) values ('6','Medicamente ','Drajeuri');
Insert into ELENAGHEORGHITA.CATEGORII (CATEGORII_ID,CATEGORIE,DENUMIRE) values ('7','Parafarmaceutice','Comprese sterile');
Insert into ELENAGHEORGHITA.CATEGORII (CATEGORII_ID,CATEGORIE,DENUMIRE) values ('8','Parafarmaceutice','Leucoplast');
REM INSERTING into ELENAGHEORGHITA.CLIENTI
SET DEFINE OFF;
Insert into ELENAGHEORGHITA.CLIENTI (CLIENTI_ID,NUME,PRENUME,TELEFON,STRADA,NUMAR,LOCALITATE,COD_POSTAL,ASIGURARE) values ('1','Dovleac','Denisa','799240687','Aninoasa','4','Iancu Jianu','237220','DA');
Insert into ELENAGHEORGHITA.CLIENTI (CLIENTI_ID,NUME,PRENUME,TELEFON,STRADA,NUMAR,LOCALITATE,COD_POSTAL,ASIGURARE) values ('2','Petrica','Dorina','799240675','Florilor','342','Horezu','437220','NU');
Insert into ELENAGHEORGHITA.CLIENTI (CLIENTI_ID,NUME,PRENUME,TELEFON,STRADA,NUMAR,LOCALITATE,COD_POSTAL,ASIGURARE) values ('3','Gheorghita','Marian','731621356','Primaverii','280','Barbu Sirbei','237210','DA');
Insert into ELENAGHEORGHITA.CLIENTI (CLIENTI_ID,NUME,PRENUME,TELEFON,STRADA,NUMAR,LOCALITATE,COD_POSTAL,ASIGURARE) values ('4','Serban','Maria','712045687','1 Mai','20','Soparlita','342220','DA');
Insert into ELENAGHEORGHITA.CLIENTI (CLIENTI_ID,NUME,PRENUME,TELEFON,STRADA,NUMAR,LOCALITATE,COD_POSTAL,ASIGURARE) values ('5','Bodac','Elena','799227392','Stanca','75','Cisnadie','234330','DA');
REM INSERTING into ELENAGHEORGHITA.DETALII_APROVIZONARE
SET DEFINE OFF;
REM INSERTING into ELENAGHEORGHITA.PERSONAL
SET DEFINE OFF;
Insert into ELENAGHEORGHITA.PERSONAL (PERSONAL_ID,NUME,PRENUME,TELEFON,STRADA,NUMAR,LOCALITATE,COD_POSTAL,SALARIU,LOCURI_DE_MUNCA_ID) values ('1','Cretu','Claudia','764288264','Mologesti','6','Branovat','212456','1929','1');
Insert into ELENAGHEORGHITA.PERSONAL (PERSONAL_ID,NUME,PRENUME,TELEFON,STRADA,NUMAR,LOCALITATE,COD_POSTAL,SALARIU,LOCURI_DE_MUNCA_ID) values ('2','Chirtibus','Ionela','722388264','Mihai Viteazu','23','Bulzesti','127896','3534','1');
Insert into ELENAGHEORGHITA.PERSONAL (PERSONAL_ID,NUME,PRENUME,TELEFON,STRADA,NUMAR,LOCALITATE,COD_POSTAL,SALARIU,LOCURI_DE_MUNCA_ID) values ('3','Bidiric','Nicoleta','782501286','Unirea','86','Diculesti','127857','3534','1');
Insert into ELENAGHEORGHITA.PERSONAL (PERSONAL_ID,NUME,PRENUME,TELEFON,STRADA,NUMAR,LOCALITATE,COD_POSTAL,SALARIU,LOCURI_DE_MUNCA_ID) values ('4','Ghita','Alexandru','799240367','Revolutiei','13','Bals','556432','4388','2');
Insert into ELENAGHEORGHITA.PERSONAL (PERSONAL_ID,NUME,PRENUME,TELEFON,STRADA,NUMAR,LOCALITATE,COD_POSTAL,SALARIU,LOCURI_DE_MUNCA_ID) values ('5','Petrescu','Daniel','762011933','Ciresilor','1','Corbeni','442155','5528','2');
Insert into ELENAGHEORGHITA.PERSONAL (PERSONAL_ID,NUME,PRENUME,TELEFON,STRADA,NUMAR,LOCALITATE,COD_POSTAL,SALARIU,LOCURI_DE_MUNCA_ID) values ('6','Chiriac','Maria','793672917','Sabin Balasea','10','Dobriceni','773921','1500','3');
Insert into ELENAGHEORGHITA.PERSONAL (PERSONAL_ID,NUME,PRENUME,TELEFON,STRADA,NUMAR,LOCALITATE,COD_POSTAL,SALARIU,LOCURI_DE_MUNCA_ID) values ('7','Mita','Ana','742671917','Fulgerului','71','Preotesti','342001','1000','3');
REM INSERTING into ELENAGHEORGHITA.PRODUS
SET DEFINE OFF;
Insert into ELENAGHEORGHITA.PRODUS (PRODUS_ID,DENUMIRE,PRET,CATEGORII_ID) values ('1','DULCOLAX','11,5','5');
Insert into ELENAGHEORGHITA.PRODUS (PRODUS_ID,DENUMIRE,PRET,CATEGORII_ID) values ('2','KETOMAG','10','5');
Insert into ELENAGHEORGHITA.PRODUS (PRODUS_ID,DENUMIRE,PRET,CATEGORII_ID) values ('3','STODAL','26','4');
Insert into ELENAGHEORGHITA.PRODUS (PRODUS_ID,DENUMIRE,PRET,CATEGORII_ID) values ('4','EURESPAL','30','4');
Insert into ELENAGHEORGHITA.PRODUS (PRODUS_ID,DENUMIRE,PRET,CATEGORII_ID) values ('5','REMOSTABIL','5','3');
Insert into ELENAGHEORGHITA.PRODUS (PRODUS_ID,DENUMIRE,PRET,CATEGORII_ID) values ('6','SPAVERIN','15','3');
Insert into ELENAGHEORGHITA.PRODUS (PRODUS_ID,DENUMIRE,PRET,CATEGORII_ID) values ('7','HERBIN','9','6');
Insert into ELENAGHEORGHITA.PRODUS (PRODUS_ID,DENUMIRE,PRET,CATEGORII_ID) values ('8','TUMMY TOX','90','1');
Insert into ELENAGHEORGHITA.PRODUS (PRODUS_ID,DENUMIRE,PRET,CATEGORII_ID) values ('9','ACNE OUT','12','1');
Insert into ELENAGHEORGHITA.PRODUS (PRODUS_ID,DENUMIRE,PRET,CATEGORII_ID) values ('10','OCTACARE','4,5','8');
Insert into ELENAGHEORGHITA.PRODUS (PRODUS_ID,DENUMIRE,PRET,CATEGORII_ID) values ('11','CARA','30','7');
REM INSERTING into ELENAGHEORGHITA.PRODUSE_VANDUTE
SET DEFINE OFF;
Insert into ELENAGHEORGHITA.PRODUSE_VANDUTE (PRODUSE_VANDUTE_ID,CANTITATEA,DATA_VANZ,PRODUS_ID,FACTURA_ID) values ('1','4',to_date('28-01-2022','DD-MM-RRRR'),'5','4');
Insert into ELENAGHEORGHITA.PRODUSE_VANDUTE (PRODUSE_VANDUTE_ID,CANTITATEA,DATA_VANZ,PRODUS_ID,FACTURA_ID) values ('2','8',to_date('11-01-2022','DD-MM-RRRR'),'10','2');
Insert into ELENAGHEORGHITA.PRODUSE_VANDUTE (PRODUSE_VANDUTE_ID,CANTITATEA,DATA_VANZ,PRODUS_ID,FACTURA_ID) values ('3','3',to_date('15-01-2022','DD-MM-RRRR'),'4','3');
Insert into ELENAGHEORGHITA.PRODUSE_VANDUTE (PRODUSE_VANDUTE_ID,CANTITATEA,DATA_VANZ,PRODUS_ID,FACTURA_ID) values ('4','4',to_date('21-01-2022','DD-MM-RRRR'),'2','5');
Insert into ELENAGHEORGHITA.PRODUSE_VANDUTE (PRODUSE_VANDUTE_ID,CANTITATEA,DATA_VANZ,PRODUS_ID,FACTURA_ID) values ('5','4',to_date('11-01-2022','DD-MM-RRRR'),'1','1');
REM INSERTING into ELENAGHEORGHITA.FACTURA
SET DEFINE OFF;
Insert into ELENAGHEORGHITA.FACTURA (FACTURA_ID,VALOAREA,DATA_FACT,CLIENTI_ID,PERSONAL_ID) values ('1','47,5',to_date('11-01-2022','DD-MM-RRRR'),'1','2');
Insert into ELENAGHEORGHITA.FACTURA (FACTURA_ID,VALOAREA,DATA_FACT,CLIENTI_ID,PERSONAL_ID) values ('2','37,5',to_date('11-01-2022','DD-MM-RRRR'),'2','1');
Insert into ELENAGHEORGHITA.FACTURA (FACTURA_ID,VALOAREA,DATA_FACT,CLIENTI_ID,PERSONAL_ID) values ('3','91,5',to_date('15-01-2022','DD-MM-RRRR'),'3','2');
Insert into ELENAGHEORGHITA.FACTURA (FACTURA_ID,VALOAREA,DATA_FACT,CLIENTI_ID,PERSONAL_ID) values ('4','20',to_date('28-01-2022','DD-MM-RRRR'),'4','2');
Insert into ELENAGHEORGHITA.FACTURA (FACTURA_ID,VALOAREA,DATA_FACT,CLIENTI_ID,PERSONAL_ID) values ('5','40',to_date('21-01-2022','DD-MM-RRRR'),'5','1');
--------------------------------------------------------
--  DDL for Index SYS_C00581056
--------------------------------------------------------

  CREATE UNIQUE INDEX "ELENAGHEORGHITA"."SYS_C00581056" ON "ELENAGHEORGHITA"."APROVIZIONATOR" ("APROVIZIONATOR_ID") 
  PCTFREE 10 INITRANS 2 MAXTRANS 255 
  STORAGE(INITIAL 65536 NEXT 1048576 MINEXTENTS 1 MAXEXTENTS 2147483645
  PCTINCREASE 0 FREELISTS 1 FREELIST GROUPS 1 BUFFER_POOL DEFAULT)
  TABLESPACE "USERS" ;
--------------------------------------------------------
--  DDL for Index SYS_C00581045
--------------------------------------------------------

  CREATE UNIQUE INDEX "ELENAGHEORGHITA"."SYS_C00581045" ON "ELENAGHEORGHITA"."CATEGORII" ("CATEGORII_ID") 
  PCTFREE 10 INITRANS 2 MAXTRANS 255 
  STORAGE(INITIAL 65536 NEXT 1048576 MINEXTENTS 1 MAXEXTENTS 2147483645
  PCTINCREASE 0 FREELISTS 1 FREELIST GROUPS 1 BUFFER_POOL DEFAULT)
  TABLESPACE "USERS" ;
--------------------------------------------------------
--  DDL for Index SYS_C00581066
--------------------------------------------------------

  CREATE UNIQUE INDEX "ELENAGHEORGHITA"."SYS_C00581066" ON "ELENAGHEORGHITA"."CLIENTI" ("CLIENTI_ID") 
  PCTFREE 10 INITRANS 2 MAXTRANS 255 
  STORAGE(INITIAL 65536 NEXT 1048576 MINEXTENTS 1 MAXEXTENTS 2147483645
  PCTINCREASE 0 FREELISTS 1 FREELIST GROUPS 1 BUFFER_POOL DEFAULT)
  TABLESPACE "USERS" ;
--------------------------------------------------------
--  DDL for Index SYS_C00581096
--------------------------------------------------------

  CREATE UNIQUE INDEX "ELENAGHEORGHITA"."SYS_C00581096" ON "ELENAGHEORGHITA"."DETALII_APROVIZONARE" ("DETALII_APROVIZIONARE_ID") 
  PCTFREE 10 INITRANS 2 MAXTRANS 255 
  STORAGE(INITIAL 65536 NEXT 1048576 MINEXTENTS 1 MAXEXTENTS 2147483645
  PCTINCREASE 0 FREELISTS 1 FREELIST GROUPS 1 BUFFER_POOL DEFAULT)
  TABLESPACE "USERS" ;
--------------------------------------------------------
--  DDL for Index SYS_C00581049
--------------------------------------------------------

  CREATE UNIQUE INDEX "ELENAGHEORGHITA"."SYS_C00581049" ON "ELENAGHEORGHITA"."LOCURI_DE_MUNCA" ("LOCURI_DE_MUNCA_ID") 
  PCTFREE 10 INITRANS 2 MAXTRANS 255 
  STORAGE(INITIAL 65536 NEXT 1048576 MINEXTENTS 1 MAXEXTENTS 2147483645
  PCTINCREASE 0 FREELISTS 1 FREELIST GROUPS 1 BUFFER_POOL DEFAULT)
  TABLESPACE "USERS" ;
--------------------------------------------------------
--  DDL for Index SYS_C00581076
--------------------------------------------------------

  CREATE UNIQUE INDEX "ELENAGHEORGHITA"."SYS_C00581076" ON "ELENAGHEORGHITA"."PERSONAL" ("PERSONAL_ID") 
  PCTFREE 10 INITRANS 2 MAXTRANS 255 
  STORAGE(INITIAL 65536 NEXT 1048576 MINEXTENTS 1 MAXEXTENTS 2147483645
  PCTINCREASE 0 FREELISTS 1 FREELIST GROUPS 1 BUFFER_POOL DEFAULT)
  TABLESPACE "USERS" ;
--------------------------------------------------------
--  DDL for Index TELEFON_UNIQUE
--------------------------------------------------------

  CREATE UNIQUE INDEX "ELENAGHEORGHITA"."TELEFON_UNIQUE" ON "ELENAGHEORGHITA"."PERSONAL" ("TELEFON") 
  PCTFREE 10 INITRANS 2 MAXTRANS 255 
  STORAGE(INITIAL 65536 NEXT 1048576 MINEXTENTS 1 MAXEXTENTS 2147483645
  PCTINCREASE 0 FREELISTS 1 FREELIST GROUPS 1 BUFFER_POOL DEFAULT)
  TABLESPACE "USERS" ;
--------------------------------------------------------
--  DDL for Index SYS_C00581087
--------------------------------------------------------

  CREATE UNIQUE INDEX "ELENAGHEORGHITA"."SYS_C00581087" ON "ELENAGHEORGHITA"."PRODUS" ("PRODUS_ID") 
  PCTFREE 10 INITRANS 2 MAXTRANS 255 
  STORAGE(INITIAL 65536 NEXT 1048576 MINEXTENTS 1 MAXEXTENTS 2147483645
  PCTINCREASE 0 FREELISTS 1 FREELIST GROUPS 1 BUFFER_POOL DEFAULT)
  TABLESPACE "USERS" ;
--------------------------------------------------------
--  DDL for Index SYS_C00581091
--------------------------------------------------------

  CREATE UNIQUE INDEX "ELENAGHEORGHITA"."SYS_C00581091" ON "ELENAGHEORGHITA"."PRODUSE_VANDUTE" ("PRODUSE_VANDUTE_ID") 
  PCTFREE 10 INITRANS 2 MAXTRANS 255 
  STORAGE(INITIAL 65536 NEXT 1048576 MINEXTENTS 1 MAXEXTENTS 2147483645
  PCTINCREASE 0 FREELISTS 1 FREELIST GROUPS 1 BUFFER_POOL DEFAULT)
  TABLESPACE "USERS" ;
--------------------------------------------------------
--  DDL for Index SYS_C00581081
--------------------------------------------------------

  CREATE UNIQUE INDEX "ELENAGHEORGHITA"."SYS_C00581081" ON "ELENAGHEORGHITA"."FACTURA" ("FACTURA_ID") 
  PCTFREE 10 INITRANS 2 MAXTRANS 255 
  STORAGE(INITIAL 65536 NEXT 1048576 MINEXTENTS 1 MAXEXTENTS 2147483645
  PCTINCREASE 0 FREELISTS 1 FREELIST GROUPS 1 BUFFER_POOL DEFAULT)
  TABLESPACE "USERS" ;
--------------------------------------------------------
--  Constraints for Table APROVIZIONATOR
--------------------------------------------------------

  ALTER TABLE "ELENAGHEORGHITA"."APROVIZIONATOR" MODIFY ("TIP" NOT NULL ENABLE);
 
  ALTER TABLE "ELENAGHEORGHITA"."APROVIZIONATOR" MODIFY ("ORAS" NOT NULL ENABLE);
 
  ALTER TABLE "ELENAGHEORGHITA"."APROVIZIONATOR" MODIFY ("STRADA" NOT NULL ENABLE);
 
  ALTER TABLE "ELENAGHEORGHITA"."APROVIZIONATOR" MODIFY ("NUMAR" NOT NULL ENABLE);
 
  ALTER TABLE "ELENAGHEORGHITA"."APROVIZIONATOR" MODIFY ("TELEFON" NOT NULL ENABLE);
 
  ALTER TABLE "ELENAGHEORGHITA"."APROVIZIONATOR" ADD CHECK (LENGTH(telefon)=9) ENABLE;
 
  ALTER TABLE "ELENAGHEORGHITA"."APROVIZIONATOR" ADD PRIMARY KEY ("APROVIZIONATOR_ID")
  USING INDEX PCTFREE 10 INITRANS 2 MAXTRANS 255 
  STORAGE(INITIAL 65536 NEXT 1048576 MINEXTENTS 1 MAXEXTENTS 2147483645
  PCTINCREASE 0 FREELISTS 1 FREELIST GROUPS 1 BUFFER_POOL DEFAULT)
  TABLESPACE "USERS"  ENABLE;
--------------------------------------------------------
--  Constraints for Table CATEGORII
--------------------------------------------------------

  ALTER TABLE "ELENAGHEORGHITA"."CATEGORII" MODIFY ("CATEGORIE" NOT NULL ENABLE);
 
  ALTER TABLE "ELENAGHEORGHITA"."CATEGORII" MODIFY ("DENUMIRE" NOT NULL ENABLE);
 
  ALTER TABLE "ELENAGHEORGHITA"."CATEGORII" ADD PRIMARY KEY ("CATEGORII_ID")
  USING INDEX PCTFREE 10 INITRANS 2 MAXTRANS 255 
  STORAGE(INITIAL 65536 NEXT 1048576 MINEXTENTS 1 MAXEXTENTS 2147483645
  PCTINCREASE 0 FREELISTS 1 FREELIST GROUPS 1 BUFFER_POOL DEFAULT)
  TABLESPACE "USERS"  ENABLE;
--------------------------------------------------------
--  Constraints for Table CLIENTI
--------------------------------------------------------

  ALTER TABLE "ELENAGHEORGHITA"."CLIENTI" MODIFY ("NUME" NOT NULL ENABLE);
 
  ALTER TABLE "ELENAGHEORGHITA"."CLIENTI" MODIFY ("PRENUME" NOT NULL ENABLE);
 
  ALTER TABLE "ELENAGHEORGHITA"."CLIENTI" MODIFY ("TELEFON" NOT NULL ENABLE);
 
  ALTER TABLE "ELENAGHEORGHITA"."CLIENTI" MODIFY ("STRADA" NOT NULL ENABLE);
 
  ALTER TABLE "ELENAGHEORGHITA"."CLIENTI" MODIFY ("NUMAR" NOT NULL ENABLE);
 
  ALTER TABLE "ELENAGHEORGHITA"."CLIENTI" MODIFY ("LOCALITATE" NOT NULL ENABLE);
 
  ALTER TABLE "ELENAGHEORGHITA"."CLIENTI" MODIFY ("COD_POSTAL" NOT NULL ENABLE);
 
  ALTER TABLE "ELENAGHEORGHITA"."CLIENTI" MODIFY ("ASIGURARE" NOT NULL ENABLE);
 
  ALTER TABLE "ELENAGHEORGHITA"."CLIENTI" ADD CHECK (LENGTH(telefon)=9) ENABLE;
 
  ALTER TABLE "ELENAGHEORGHITA"."CLIENTI" ADD PRIMARY KEY ("CLIENTI_ID")
  USING INDEX PCTFREE 10 INITRANS 2 MAXTRANS 255 
  STORAGE(INITIAL 65536 NEXT 1048576 MINEXTENTS 1 MAXEXTENTS 2147483645
  PCTINCREASE 0 FREELISTS 1 FREELIST GROUPS 1 BUFFER_POOL DEFAULT)
  TABLESPACE "USERS"  ENABLE;
--------------------------------------------------------
--  Constraints for Table DETALII_APROVIZONARE
--------------------------------------------------------

  ALTER TABLE "ELENAGHEORGHITA"."DETALII_APROVIZONARE" MODIFY ("STOC" NOT NULL ENABLE);
 
  ALTER TABLE "ELENAGHEORGHITA"."DETALII_APROVIZONARE" MODIFY ("DATA_APR" NOT NULL ENABLE);
 
  ALTER TABLE "ELENAGHEORGHITA"."DETALII_APROVIZONARE" ADD PRIMARY KEY ("DETALII_APROVIZIONARE_ID")
  USING INDEX PCTFREE 10 INITRANS 2 MAXTRANS 255 
  STORAGE(INITIAL 65536 NEXT 1048576 MINEXTENTS 1 MAXEXTENTS 2147483645
  PCTINCREASE 0 FREELISTS 1 FREELIST GROUPS 1 BUFFER_POOL DEFAULT)
  TABLESPACE "USERS"  ENABLE;
--------------------------------------------------------
--  Constraints for Table LOCURI_DE_MUNCA
--------------------------------------------------------

  ALTER TABLE "ELENAGHEORGHITA"."LOCURI_DE_MUNCA" MODIFY ("FUNCTIE" NOT NULL ENABLE);
 
  ALTER TABLE "ELENAGHEORGHITA"."LOCURI_DE_MUNCA" MODIFY ("SALARIU_MIN" NOT NULL ENABLE);
 
  ALTER TABLE "ELENAGHEORGHITA"."LOCURI_DE_MUNCA" MODIFY ("SALARIU_MAX" NOT NULL ENABLE);
 
  ALTER TABLE "ELENAGHEORGHITA"."LOCURI_DE_MUNCA" ADD PRIMARY KEY ("LOCURI_DE_MUNCA_ID")
  USING INDEX PCTFREE 10 INITRANS 2 MAXTRANS 255 
  STORAGE(INITIAL 65536 NEXT 1048576 MINEXTENTS 1 MAXEXTENTS 2147483645
  PCTINCREASE 0 FREELISTS 1 FREELIST GROUPS 1 BUFFER_POOL DEFAULT)
  TABLESPACE "USERS"  ENABLE;
--------------------------------------------------------
--  Constraints for Table PERSONAL
--------------------------------------------------------

  ALTER TABLE "ELENAGHEORGHITA"."PERSONAL" MODIFY ("NUME" NOT NULL ENABLE);
 
  ALTER TABLE "ELENAGHEORGHITA"."PERSONAL" MODIFY ("PRENUME" NOT NULL ENABLE);
 
  ALTER TABLE "ELENAGHEORGHITA"."PERSONAL" MODIFY ("TELEFON" NOT NULL ENABLE);
 
  ALTER TABLE "ELENAGHEORGHITA"."PERSONAL" MODIFY ("STRADA" NOT NULL ENABLE);
 
  ALTER TABLE "ELENAGHEORGHITA"."PERSONAL" MODIFY ("NUMAR" NOT NULL ENABLE);
 
  ALTER TABLE "ELENAGHEORGHITA"."PERSONAL" MODIFY ("LOCALITATE" NOT NULL ENABLE);
 
  ALTER TABLE "ELENAGHEORGHITA"."PERSONAL" MODIFY ("COD_POSTAL" NOT NULL ENABLE);
 
  ALTER TABLE "ELENAGHEORGHITA"."PERSONAL" MODIFY ("SALARIU" NOT NULL ENABLE);
 
  ALTER TABLE "ELENAGHEORGHITA"."PERSONAL" ADD CHECK (LENGTH(telefon)=9) ENABLE;
 
  ALTER TABLE "ELENAGHEORGHITA"."PERSONAL" ADD PRIMARY KEY ("PERSONAL_ID")
  USING INDEX PCTFREE 10 INITRANS 2 MAXTRANS 255 
  STORAGE(INITIAL 65536 NEXT 1048576 MINEXTENTS 1 MAXEXTENTS 2147483645
  PCTINCREASE 0 FREELISTS 1 FREELIST GROUPS 1 BUFFER_POOL DEFAULT)
  TABLESPACE "USERS"  ENABLE;
 
  ALTER TABLE "ELENAGHEORGHITA"."PERSONAL" ADD CONSTRAINT "TELEFON_UNIQUE" UNIQUE ("TELEFON")
  USING INDEX PCTFREE 10 INITRANS 2 MAXTRANS 255 
  STORAGE(INITIAL 65536 NEXT 1048576 MINEXTENTS 1 MAXEXTENTS 2147483645
  PCTINCREASE 0 FREELISTS 1 FREELIST GROUPS 1 BUFFER_POOL DEFAULT)
  TABLESPACE "USERS"  ENABLE;
--------------------------------------------------------
--  Constraints for Table PRODUS
--------------------------------------------------------

  ALTER TABLE "ELENAGHEORGHITA"."PRODUS" MODIFY ("DENUMIRE" NOT NULL ENABLE);
 
  ALTER TABLE "ELENAGHEORGHITA"."PRODUS" MODIFY ("PRET" NOT NULL ENABLE);
 
  ALTER TABLE "ELENAGHEORGHITA"."PRODUS" MODIFY ("CATEGORII_ID" NOT NULL ENABLE);
 
  ALTER TABLE "ELENAGHEORGHITA"."PRODUS" ADD PRIMARY KEY ("PRODUS_ID")
  USING INDEX PCTFREE 10 INITRANS 2 MAXTRANS 255 
  STORAGE(INITIAL 65536 NEXT 1048576 MINEXTENTS 1 MAXEXTENTS 2147483645
  PCTINCREASE 0 FREELISTS 1 FREELIST GROUPS 1 BUFFER_POOL DEFAULT)
  TABLESPACE "USERS"  ENABLE;
--------------------------------------------------------
--  Constraints for Table PRODUSE_VANDUTE
--------------------------------------------------------

  ALTER TABLE "ELENAGHEORGHITA"."PRODUSE_VANDUTE" MODIFY ("CANTITATEA" NOT NULL ENABLE);
 
  ALTER TABLE "ELENAGHEORGHITA"."PRODUSE_VANDUTE" MODIFY ("DATA_VANZ" NOT NULL ENABLE);
 
  ALTER TABLE "ELENAGHEORGHITA"."PRODUSE_VANDUTE" ADD PRIMARY KEY ("PRODUSE_VANDUTE_ID")
  USING INDEX PCTFREE 10 INITRANS 2 MAXTRANS 255 
  STORAGE(INITIAL 65536 NEXT 1048576 MINEXTENTS 1 MAXEXTENTS 2147483645
  PCTINCREASE 0 FREELISTS 1 FREELIST GROUPS 1 BUFFER_POOL DEFAULT)
  TABLESPACE "USERS"  ENABLE;
--------------------------------------------------------
--  Constraints for Table FACTURA
--------------------------------------------------------

  ALTER TABLE "ELENAGHEORGHITA"."FACTURA" MODIFY ("VALOAREA" NOT NULL ENABLE);
 
  ALTER TABLE "ELENAGHEORGHITA"."FACTURA" MODIFY ("DATA_FACT" NOT NULL ENABLE);
 
  ALTER TABLE "ELENAGHEORGHITA"."FACTURA" ADD PRIMARY KEY ("FACTURA_ID")
  USING INDEX PCTFREE 10 INITRANS 2 MAXTRANS 255 
  STORAGE(INITIAL 65536 NEXT 1048576 MINEXTENTS 1 MAXEXTENTS 2147483645
  PCTINCREASE 0 FREELISTS 1 FREELIST GROUPS 1 BUFFER_POOL DEFAULT)
  TABLESPACE "USERS"  ENABLE;
--------------------------------------------------------
--  Ref Constraints for Table DETALII_APROVIZONARE
--------------------------------------------------------

  ALTER TABLE "ELENAGHEORGHITA"."DETALII_APROVIZONARE" ADD CONSTRAINT "FK_APROVIZIONATOR" FOREIGN KEY ("APROVIZIONATOR_ID")
	  REFERENCES "ELENAGHEORGHITA"."APROVIZIONATOR" ("APROVIZIONATOR_ID") ON DELETE CASCADE ENABLE;
 
  ALTER TABLE "ELENAGHEORGHITA"."DETALII_APROVIZONARE" ADD CONSTRAINT "FK_PRODUS_D_A" FOREIGN KEY ("PRODUS_ID")
	  REFERENCES "ELENAGHEORGHITA"."PRODUS" ("PRODUS_ID") ON DELETE CASCADE ENABLE;
--------------------------------------------------------
--  Ref Constraints for Table PERSONAL
--------------------------------------------------------

  ALTER TABLE "ELENAGHEORGHITA"."PERSONAL" ADD CONSTRAINT "FK_LOCURI_DE_MUNCA" FOREIGN KEY ("LOCURI_DE_MUNCA_ID")
	  REFERENCES "ELENAGHEORGHITA"."LOCURI_DE_MUNCA" ("LOCURI_DE_MUNCA_ID") ON DELETE CASCADE ENABLE;
--------------------------------------------------------
--  Ref Constraints for Table PRODUS
--------------------------------------------------------

  ALTER TABLE "ELENAGHEORGHITA"."PRODUS" ADD CONSTRAINT "FK_CATEGORII" FOREIGN KEY ("CATEGORII_ID")
	  REFERENCES "ELENAGHEORGHITA"."CATEGORII" ("CATEGORII_ID") ON DELETE SET NULL ENABLE;
--------------------------------------------------------
--  Ref Constraints for Table PRODUSE_VANDUTE
--------------------------------------------------------

  ALTER TABLE "ELENAGHEORGHITA"."PRODUSE_VANDUTE" ADD CONSTRAINT "FK_FACTURA" FOREIGN KEY ("FACTURA_ID")
	  REFERENCES "ELENAGHEORGHITA"."FACTURA" ("FACTURA_ID") ON DELETE SET NULL ENABLE;
 
  ALTER TABLE "ELENAGHEORGHITA"."PRODUSE_VANDUTE" ADD CONSTRAINT "FK_PRODUS" FOREIGN KEY ("PRODUS_ID")
	  REFERENCES "ELENAGHEORGHITA"."PRODUS" ("PRODUS_ID") ON DELETE SET NULL ENABLE;
--------------------------------------------------------
--  Ref Constraints for Table FACTURA
--------------------------------------------------------

  ALTER TABLE "ELENAGHEORGHITA"."FACTURA" ADD CONSTRAINT "FK_CLIENTI" FOREIGN KEY ("CLIENTI_ID")
	  REFERENCES "ELENAGHEORGHITA"."CLIENTI" ("CLIENTI_ID") ON DELETE SET NULL ENABLE;
 
  ALTER TABLE "ELENAGHEORGHITA"."FACTURA" ADD CONSTRAINT "FK_PERSONAL" FOREIGN KEY ("PERSONAL_ID")
	  REFERENCES "ELENAGHEORGHITA"."PERSONAL" ("PERSONAL_ID") ON DELETE SET NULL ENABLE;
